{"posicion":{"x":9.918941497802735,"y":-0.19507145881652833,"z":0.0}}