{"posicion":{"x":9.191974639892579,"y":-0.19762320816516877,"z":0.0}}